{"cameraMode":{"drawMode":0,"name":"Shaded","section":"Shading Mode"},"sceneLighting":false,"audioPlay":false,"sceneViewState":{"showFog":true,"showMaterialUpdate":false,"showSkybox":true,"showFlares":true,"showImageEffects":true,"showParticleSystems":true},"in2DMode":false,"pivot":{"x":14.707566261291504,"y":0.17000001668930055,"z":7.132501602172852},"rotation":{"x":-0.24472543597221375,"y":-0.5076898336410523,"z":0.15305742621421815,"w":-0.8117474913597107},"size":2.8578836917877199,"orthographic":false}