{"cameraMode":{"drawMode":0,"name":"Shaded","section":"Shading Mode"},"sceneLighting":false,"audioPlay":false,"sceneViewState":{"showFog":true,"showMaterialUpdate":false,"showSkybox":true,"showFlares":true,"showImageEffects":true,"showParticleSystems":true},"in2DMode":false,"pivot":{"x":-0.011449962854385376,"y":1.726588249206543,"z":-0.030458569526672365},"rotation":{"x":0.31152212619781496,"y":-0.01568795181810856,"z":0.005142512731254101,"w":0.950095534324646},"size":0.8905085921287537,"orthographic":false}