{"cameraMode":{"drawMode":0,"name":"Shaded","section":"Shading Mode"},"sceneLighting":true,"audioPlay":false,"sceneViewState":{"showFog":true,"showMaterialUpdate":true,"showSkybox":true,"showFlares":true,"showImageEffects":true,"showParticleSystems":true},"in2DMode":false,"pivot":{"x":6.33854866027832,"y":3.922727346420288,"z":5.437076568603516},"rotation":{"x":-0.13621746003627778,"y":0.8147681355476379,"z":-0.21265900135040284,"w":-0.5218949913978577},"size":0.8660253882408142,"orthographic":false}