{"cameraMode":{"drawMode":0,"name":"Shaded","section":"Shading Mode"},"sceneLighting":false,"audioPlay":false,"sceneViewState":{"showFog":true,"showMaterialUpdate":false,"showSkybox":true,"showFlares":true,"showImageEffects":true,"showParticleSystems":true},"in2DMode":false,"pivot":{"x":-1.6504201889038087,"y":0.6263369917869568,"z":1.2381787300109864},"rotation":{"x":0.07304870337247849,"y":-0.6607143878936768,"z":0.06484818458557129,"w":0.7442548274993897},"size":5.390811443328857,"orthographic":false}