{"cameraMode":{"drawMode":0,"name":"Shaded","section":"Shading Mode"},"sceneLighting":true,"audioPlay":false,"sceneViewState":{"showFog":true,"showMaterialUpdate":false,"showSkybox":true,"showFlares":true,"showImageEffects":true,"showParticleSystems":true},"in2DMode":false,"pivot":{"x":14.707566261291504,"y":-2.641254425048828,"z":7.132501602172852},"rotation":{"x":-0.006703830324113369,"y":0.9910784959793091,"z":-0.12132414430379868,"w":-0.05476266145706177},"size":22.0,"orthographic":false}