{"cameraMode":{"drawMode":0,"name":"Shaded","section":"Shading Mode"},"sceneLighting":true,"audioPlay":false,"sceneViewState":{"showFog":false,"showMaterialUpdate":false,"showSkybox":false,"showFlares":false,"showImageEffects":false,"showParticleSystems":false},"in2DMode":false,"pivot":{"x":-0.060201868414878848,"y":0.01281726360321045,"z":0.6221065521240234},"rotation":{"x":0.019855769351124765,"y":-0.028512444347143174,"z":0.0005652845138683915,"w":0.9993960857391357},"size":2.8578836917877199,"orthographic":false}