{"cameraMode":{"drawMode":0,"name":"Shaded","section":"Shading Mode"},"sceneLighting":true,"audioPlay":false,"sceneViewState":{"showFog":true,"showMaterialUpdate":false,"showSkybox":true,"showFlares":true,"showImageEffects":true,"showParticleSystems":true},"in2DMode":false,"pivot":{"x":-0.6464264988899231,"y":0.9929831624031067,"z":0.7215012907981873},"rotation":{"x":0.05765363201498985,"y":-0.19637535512447358,"z":0.01156663428992033,"w":0.978763997554779},"size":2.0440731048583986,"orthographic":false}