{"cameraMode":{"drawMode":0,"name":"Shaded","section":"Shading Mode"},"sceneLighting":true,"audioPlay":false,"sceneViewState":{"showFog":false,"showMaterialUpdate":false,"showSkybox":false,"showFlares":false,"showImageEffects":false,"showParticleSystems":false},"in2DMode":false,"pivot":{"x":6.139069557189941,"y":5.266876697540283,"z":1.7249149084091187},"rotation":{"x":0.19666704535484315,"y":-0.39156776666641238,"z":0.0860656127333641,"w":0.8947566747665405},"size":2.3334522247314455,"orthographic":false}